INSERT INTO shop.dbo.categories([ID], [name], [description]) VALUES (1, 'Телефоны', ''), (2, 'Ноутбуки', ''), (3, 'Наушники', ''), (4, 'Фотоаппараы', '')
INSERT INTO shop.dbo.units([ID], [name], [description]) VALUES (1, 'шт', '')

INSERT INTO shop.dbo.products([name],[category_id],[price],[unit_id],[description],[ID]) VALUES(' Yandex phone1',2,'1',1,'enim',1),(' Yandex phone1',3,'2',1,'Cras sed leo. Cras vehicula aliquet libero.',2),('one plus one',3,'5',1,'tellus justo sit amet nulla. Donec',3),(' redmi 5 ',2,'4',1,'in faucibus orci luctus et ultrices',4),('one plus one',4,'9',1,'nec orci. Donec nibh. Quisque nonummy ipsum non arcu. Vivamus',5),(' Apple air tag',3,'0',1,'elit sed consequat auctor, nunc nulla vulputate dui, nec tempus',6),('one plus one',3,'8',1,'luctus sit amet,',7),('MacBook Pro',4,'9',1,'Cras eu tellus eu augue porttitor interdum. Sed auctor odio',8),(' Apple Watch ',3,'1',1,'eros turpis non enim. Mauris quis turpis vitae purus gravida',9),(' redmi 5 ',3,'9',1,'pharetra ut, pharetra sed, hendrerit a,',10);
INSERT INTO shop.dbo.products([name],[category_id],[price],[unit_id],[description],[ID]) VALUES('MacBook Pro',1,'1',1,'blandit at, nisi. Cum sociis natoque penatibus et magnis',11),('one plus one',4,'6',1,'lorem, auctor quis, tristique ac, eleifend',12),(' redmi 5 ',2,'1',1,'ipsum nunc id enim. Curabitur massa.',13),(' redmi 5 ',4,'0',1,'facilisis',14),(' Yandex phone1',2,'4',1,'ipsum. Suspendisse',15),(' redmi 5 ',1,'6',1,'arcu vel quam dignissim pharetra. Nam ac nulla. In',16),(' Apple Watch ',3,'3',1,'elit. Etiam laoreet, libero et tristique',17),(' Apple air tag',4,'8',1,'et arcu imperdiet ullamcorper.',18),(' redmi 5 ',2,'5',1,'magna.',19),('MacBook Pro',1,'8',1,'Donec at arcu. Vestibulum ante ipsum',20);
INSERT INTO shop.dbo.products([name],[category_id],[price],[unit_id],[description],[ID]) VALUES('MacBook Pro',2,'3',1,'ullamcorper, velit',21),(' Apple Watch ',2,'5',1,'lectus pede et risus.',22),(' Yandex phone1',1,'3',1,'habitant morbi tristique senectus et netus',23),(' Apple Watch ',2,'3',1,'lacinia. Sed congue, elit sed',24),('one plus one',4,'7',1,'vitae nibh. Donec est mauris,',25),(' redmi 5 ',1,'1',1,'posuere, enim nisl',26),(' Apple Watch ',2,'6',1,'ultrices. Vivamus rhoncus.',27),('one plus one',2,'0',1,'lacinia. Sed congue, elit',28),(' Apple Watch ',3,'0',1,'consectetuer adipiscing elit. Etiam laoreet, libero',29),(' Apple Watch ',2,'5',1,'iaculis aliquet diam. Sed diam lorem, auctor',30);
INSERT INTO shop.dbo.products([name],[category_id],[price],[unit_id],[description],[ID]) VALUES(' redmi 5 ',4,'7',1,'erat neque non quam. Pellentesque habitant morbi tristique senectus et',31),(' Yandex phone1',4,'6',1,'mauris erat eget ipsum. Suspendisse sagittis.',32),(' redmi 5 ',3,'1',1,'mi eleifend',33),(' redmi 5 ',4,'6',1,'magna. Nam ligula elit, pretium et, rutrum non,',34),('one plus one',4,'2',1,'vel est tempor bibendum. Donec',35),(' redmi 5 ',2,'0',1,'tellus. Suspendisse sed dolor. Fusce mi lorem, vehicula et, rutrum',36),(' Yandex phone1',4,'4',1,'lacus. Ut nec urna et arcu imperdiet ullamcorper. Duis',37),('MacBook Pro',3,'1',1,'magna. Nam ligula elit, pretium et,',38),(' Yandex phone1',1,'4',1,'ipsum dolor sit amet, consectetuer adipiscing elit. Etiam laoreet, libero',39),('MacBook Pro',1,'9',1,'sagittis lobortis mauris. Suspendisse aliquet molestie tellus. Aenean egestas hendrerit',40);
INSERT INTO shop.dbo.products([name],[category_id],[price],[unit_id],[description],[ID]) VALUES('one plus one',4,'7',1,'a mi fringilla mi lacinia mattis. Integer eu lacus.',41),(' Yandex phone1',3,'3',1,'at, velit.',42),(' redmi 5 ',4,'2',1,'gravida. Praesent eu nulla at sem',43),(' Yandex phone1',3,'2',1,'eget varius ultrices, mauris ipsum porta elit, a feugiat',44),(' Apple Watch ',3,'1',1,'dis parturient montes, nascetur ridiculus mus. Donec',45),('MacBook Pro',4,'1',1,'parturient',46),(' Yandex phone1',4,'5',1,'neque sed dictum eleifend, nunc risus',47),(' Yandex phone1',4,'9',1,'massa. Vestibulum accumsan neque et nunc. Quisque',48),(' Apple air tag',1,'0',1,'ipsum',49),('one plus one',2,'8',1,'non massa non ante bibendum ullamcorper. Duis cursus, diam at',50);
INSERT INTO shop.dbo.products([name],[category_id],[price],[unit_id],[description],[ID]) VALUES(' Apple Watch ',2,'3',1,'Nulla dignissim. Maecenas ornare',51),('one plus one',2,'1',1,'velit. Cras lorem lorem, luctus',52),(' Apple Watch ',2,'4',1,'velit. Sed malesuada augue ut lacus. Nulla tincidunt, neque vitae',53),('one plus one',3,'4',1,'Nullam velit dui, semper et, lacinia vitae, sodales',54),(' Apple Watch ',2,'7',1,'risus. In mi pede, nonummy',55),('MacBook Pro',4,'5',1,'ac mi eleifend egestas. Sed pharetra, felis eget varius',56),('MacBook Pro',3,'7',1,'Duis volutpat nunc sit amet metus.',57),('one plus one',4,'3',1,'ac mi eleifend egestas. Sed pharetra, felis eget',58),('one plus one',1,'3',1,'mollis. Phasellus libero',59),(' Apple Watch ',2,'0',1,'sed tortor. Integer aliquam adipiscing lacus. Ut nec urna et',60);
INSERT INTO shop.dbo.products([name],[category_id],[price],[unit_id],[description],[ID]) VALUES(' Apple air tag',3,'6',1,'ac turpis egestas.',61),(' Apple Watch ',3,'4',1,'a sollicitudin orci sem eget massa. Suspendisse eleifend. Cras sed',62),('one plus one',4,'1',1,'enim. Sed',63),(' Apple Watch ',4,'1',1,'euismod enim. Etiam gravida molestie arcu.',64),(' Yandex phone1',2,'0',1,'dictum magna. Ut tincidunt orci quis lectus. Nullam suscipit, est',65),('one plus one',3,'3',1,'id, mollis nec, cursus a, enim.',66),(' Yandex phone1',1,'5',1,'amet',67),(' Apple air tag',1,'7',1,'luctus lobortis. Class aptent',68),('MacBook Pro',4,'1',1,'Fusce mollis. Duis',69),(' Apple air tag',1,'1',1,'Vestibulum ante ipsum primis',70);
INSERT INTO shop.dbo.products([name],[category_id],[price],[unit_id],[description],[ID]) VALUES('one plus one',4,'3',1,'sagittis',71),(' Apple air tag',4,'3',1,'ultricies dignissim lacus.',72),(' Apple air tag',2,'8',1,'ultrices posuere cubilia Curae; Donec tincidunt. Donec',73),(' redmi 5 ',4,'4',1,'in, hendrerit consectetuer, cursus et, magna. Praesent interdum',74),(' Yandex phone1',4,'9',1,'et magnis dis parturient montes, nascetur ridiculus mus.',75),('one plus one',4,'4',1,'ad litora torquent per',76),('MacBook Pro',2,'2',1,'scelerisque neque. Nullam nisl. Maecenas malesuada fringilla est.',77),(' Yandex phone1',1,'7',1,'Suspendisse ac metus vitae velit egestas',78),('MacBook Pro',2,'2',1,'mi tempor lorem,',79),('MacBook Pro',1,'2',1,'hendrerit a, arcu. Sed et libero. Proin',80);
INSERT INTO shop.dbo.products([name],[category_id],[price],[unit_id],[description],[ID]) VALUES('MacBook Pro',2,'5',1,'risus. Donec',81),('one plus one',3,'2',1,'vulputate, nisi',82),(' Apple Watch ',4,'2',1,'posuere, enim',83),('MacBook Pro',2,'8',1,'Cum sociis natoque penatibus et magnis dis parturient montes,',84),(' Apple air tag',1,'9',1,'id, blandit at, nisi. Cum sociis natoque penatibus et magnis',85),(' Apple Watch ',2,'8',1,'neque pellentesque massa lobortis ultrices.',86),(' Yandex phone1',1,'7',1,'malesuada. Integer id magna et ipsum',87),(' Yandex phone1',1,'9',1,'adipiscing ligula.',88),(' Apple Watch ',2,'5',1,'mollis nec, cursus',89),(' Apple Watch ',3,'4',1,'elit elit fermentum risus, at',90);
INSERT INTO shop.dbo.products([name],[category_id],[price],[unit_id],[description],[ID]) VALUES(' Apple air tag',2,'6',1,'orci lacus vestibulum lorem, sit amet ultricies',91),(' redmi 5 ',1,'8',1,'ac turpis egestas. Aliquam fringilla',92),(' Yandex phone1',3,'0',1,'enim commodo hendrerit.',93),('one plus one',4,'0',1,'Nam ac nulla. In',94),('one plus one',1,'4',1,'aliquet odio. Etiam ligula tortor, dictum eu, placerat eget, venenatis',95),(' Apple Watch ',2,'3',1,'enim diam vel arcu.',96),('one plus one',1,'0',1,'parturient montes, nascetur ridiculus mus. Proin',97),(' Apple air tag',2,'4',1,'Suspendisse non leo. Vivamus nibh dolor, nonummy ac,',98),(' Apple Watch ',4,'4',1,'blandit enim consequat purus. Maecenas',99),('MacBook Pro',1,'7',1,'diam. Duis',100);

INSERT INTO shop.dbo.employees (ID, first_name, last_name, phone, email, birth_date, employment_date, positions) VALUES (1, 'Игорь', 'Иванович', '+78555858895', 'emp@mail.ru', '2000-01-01', '2010-01-01', 'админ')
INSERT INTO shop.dbo.regions(ID, name, description) VALUES (1, 'Москва', 'Столица')
INSERT INTO shop.dbo.customers(ID, firstName, lastName, phone, region_id, email, comment)  VALUES (1, 'Игорь', 'Иванович', '+78555858895', 1, 'emp@mail.ru', 'хороший клиент')


INSERT INTO shop.dbo.payment_methods(ID, name, is_active, comment) VALUES (1, 'Карта', 1, 'банковская карта')
INSERT INTO shop.dbo.delivery_methods(ID, name, is_active, comment) VALUES (1, 'Курьер', 1, '')
INSERT INTO shop.dbo.statuses(ID, name, is_active, comment) VALUES (1, 'Подготовка', 1, '')

INSERT INTO shop.dbo.orders([ID],[order_data],[completion_date],[payment_type_id],[delivery_type_id],[status_id],[employee_id],[customer_id]) VALUES(1,'2021-10-20 18:18:29','2021-10-07 13:57:40',1,1,1,1,1),(2,'2021-11-08 16:30:50','2022-05-14 04:27:00',1,1,1,1,1),(3,'2021-08-02 11:30:12','2022-01-25 12:32:32',1,1,1,1,1),(4,'2021-05-15 19:19:45','2021-01-15 02:25:20',1,1,1,1,1),(5,'2022-04-07 11:59:10','2021-01-21 16:59:15',1,1,1,1,1),(6,'2021-02-02 16:32:56','2022-03-18 17:01:52',1,1,1,1,1),(7,'2021-01-19 08:14:33','2021-07-17 09:21:57',1,1,1,1,1),(8,'2020-08-18 01:29:12','2022-05-01 05:12:24',1,1,1,1,1),(9,'2022-04-11 10:14:48','2022-04-09 06:39:08',1,1,1,1,1),(10,'2021-09-27 17:06:57','2020-07-27 21:34:25',1,1,1,1,1);
INSERT INTO shop.dbo.orders([ID],[order_data],[completion_date],[payment_type_id],[delivery_type_id],[status_id],[employee_id],[customer_id]) VALUES(11,'2021-11-15 06:42:33','2021-09-01 13:19:40',1,1,1,1,1),(12,'2021-12-07 11:01:13','2021-01-02 19:01:10',1,1,1,1,1),(13,'2021-07-28 08:45:51','2021-02-15 04:47:38',1,1,1,1,1),(14,'2020-10-11 02:39:39','2021-08-16 15:03:34',1,1,1,1,1),(15,'2021-04-10 23:44:28','2021-03-22 14:12:56',1,1,1,1,1),(16,'2021-02-03 08:58:39','2022-03-14 07:24:05',1,1,1,1,1),(17,'2021-03-27 14:45:15','2021-11-18 04:08:58',1,1,1,1,1),(18,'2020-08-31 06:22:34','2021-11-08 09:38:09',1,1,1,1,1),(19,'2020-06-22 02:41:45','2021-02-19 16:42:25',1,1,1,1,1),(20,'2022-02-06 03:14:29','2022-04-03 01:45:30',1,1,1,1,1);
INSERT INTO shop.dbo.orders([ID],[order_data],[completion_date],[payment_type_id],[delivery_type_id],[status_id],[employee_id],[customer_id]) VALUES(21,'2021-07-23 12:16:33','2021-10-21 04:32:22',1,1,1,1,1),(22,'2021-08-27 01:06:09','2021-07-10 11:58:03',1,1,1,1,1),(23,'2020-05-29 01:52:20','2021-08-03 20:29:21',1,1,1,1,1),(24,'2020-08-03 03:47:25','2021-04-29 16:52:01',1,1,1,1,1),(25,'2022-02-08 23:21:30','2021-03-26 04:44:55',1,1,1,1,1),(26,'2021-03-14 14:56:11','2021-06-15 17:00:02',1,1,1,1,1),(27,'2020-06-05 20:25:24','2021-12-24 08:21:28',1,1,1,1,1),(28,'2020-07-13 10:13:17','2020-10-07 23:54:58',1,1,1,1,1),(29,'2021-11-17 14:51:45','2022-04-13 18:04:12',1,1,1,1,1),(30,'2022-03-25 00:52:11','2020-07-16 07:14:10',1,1,1,1,1);
INSERT INTO shop.dbo.orders([ID],[order_data],[completion_date],[payment_type_id],[delivery_type_id],[status_id],[employee_id],[customer_id]) VALUES(31,'2021-09-27 16:24:53','2020-10-01 17:50:37',1,1,1,1,1),(32,'2021-02-08 06:01:41','2022-02-20 00:15:22',1,1,1,1,1),(33,'2022-05-07 22:20:56','2021-04-01 08:54:35',1,1,1,1,1),(34,'2021-09-29 04:40:14','2020-09-08 07:30:39',1,1,1,1,1),(35,'2021-06-29 08:26:15','2021-05-28 07:16:15',1,1,1,1,1),(36,'2021-06-18 13:27:40','2021-05-21 12:31:07',1,1,1,1,1),(37,'2021-12-08 20:47:49','2022-02-23 07:43:40',1,1,1,1,1),(38,'2022-03-29 17:53:38','2022-05-21 22:52:13',1,1,1,1,1),(39,'2021-10-03 06:59:07','2020-11-29 04:28:31',1,1,1,1,1),(40,'2021-02-12 23:26:40','2021-10-25 21:34:10',1,1,1,1,1);
INSERT INTO shop.dbo.orders([ID],[order_data],[completion_date],[payment_type_id],[delivery_type_id],[status_id],[employee_id],[customer_id]) VALUES(41,'2021-06-16 13:00:17','2022-04-09 18:13:17',1,1,1,1,1),(42,'2022-05-13 09:47:22','2022-02-01 15:44:28',1,1,1,1,1),(43,'2021-10-26 05:18:09','2021-08-19 15:22:20',1,1,1,1,1),(44,'2020-06-13 07:22:00','2021-02-12 09:22:36',1,1,1,1,1),(45,'2021-07-17 09:45:58','2021-09-18 19:31:09',1,1,1,1,1),(46,'2020-07-15 00:33:00','2020-09-15 20:26:05',1,1,1,1,1),(47,'2021-12-14 22:03:33','2021-11-30 12:02:31',1,1,1,1,1),(48,'2022-01-24 17:25:42','2020-12-06 11:27:12',1,1,1,1,1),(49,'2022-05-09 22:04:08','2022-05-18 22:40:00',1,1,1,1,1),(50,'2021-09-01 06:11:47','2020-07-10 21:23:30',1,1,1,1,1);
INSERT INTO shop.dbo.orders([ID],[order_data],[completion_date],[payment_type_id],[delivery_type_id],[status_id],[employee_id],[customer_id]) VALUES(51,'2022-03-12 13:46:33','2021-10-31 07:34:10',1,1,1,1,1),(52,'2021-03-23 09:28:56','2020-11-18 02:44:59',1,1,1,1,1),(53,'2022-05-26 06:53:59','2020-11-26 17:26:52',1,1,1,1,1),(54,'2021-01-27 11:21:52','2022-05-19 03:15:44',1,1,1,1,1),(55,'2021-11-06 08:21:16','2021-05-07 06:00:02',1,1,1,1,1),(56,'2022-02-26 14:29:59','2022-01-15 10:36:38',1,1,1,1,1),(57,'2022-04-24 04:19:27','2021-06-19 16:42:27',1,1,1,1,1),(58,'2021-08-09 21:25:52','2022-04-05 14:53:45',1,1,1,1,1),(59,'2021-02-23 08:43:07','2022-03-16 09:22:41',1,1,1,1,1),(60,'2022-03-26 02:04:57','2020-09-07 23:22:57',1,1,1,1,1);
INSERT INTO shop.dbo.orders([ID],[order_data],[completion_date],[payment_type_id],[delivery_type_id],[status_id],[employee_id],[customer_id]) VALUES(61,'2020-12-20 21:27:22','2021-07-20 02:15:40',1,1,1,1,1),(62,'2021-10-08 23:39:11','2022-03-06 11:41:39',1,1,1,1,1),(63,'2021-01-21 02:37:49','2021-04-27 06:50:15',1,1,1,1,1),(64,'2021-08-28 09:34:40','2021-08-17 17:26:21',1,1,1,1,1),(65,'2020-08-27 16:21:05','2022-02-21 04:08:23',1,1,1,1,1),(66,'2020-12-29 19:29:19','2022-04-04 10:15:35',1,1,1,1,1),(67,'2021-02-21 22:23:57','2021-09-30 06:56:17',1,1,1,1,1),(68,'2021-09-18 11:35:14','2022-01-06 18:18:43',1,1,1,1,1),(69,'2021-08-03 10:15:19','2020-09-25 21:44:00',1,1,1,1,1),(70,'2020-12-14 07:08:46','2021-05-18 06:07:36',1,1,1,1,1);
INSERT INTO shop.dbo.orders([ID],[order_data],[completion_date],[payment_type_id],[delivery_type_id],[status_id],[employee_id],[customer_id]) VALUES(71,'2020-11-26 20:08:48','2021-06-16 21:28:35',1,1,1,1,1),(72,'2021-06-30 19:43:32','2020-07-22 04:13:49',1,1,1,1,1),(73,'2020-06-29 07:53:18','2022-05-18 13:32:41',1,1,1,1,1),(74,'2021-06-23 06:30:39','2021-01-18 19:46:28',1,1,1,1,1),(75,'2021-03-01 04:07:32','2021-10-15 03:15:19',1,1,1,1,1),(76,'2021-11-30 20:04:50','2021-07-13 20:07:56',1,1,1,1,1),(77,'2020-07-11 16:28:22','2021-09-04 20:55:50',1,1,1,1,1),(78,'2020-07-25 01:25:10','2021-11-27 09:08:35',1,1,1,1,1),(79,'2021-05-05 16:57:54','2021-12-11 00:36:07',1,1,1,1,1),(80,'2022-02-05 18:38:32','2021-03-26 18:02:52',1,1,1,1,1);
INSERT INTO shop.dbo.orders([ID],[order_data],[completion_date],[payment_type_id],[delivery_type_id],[status_id],[employee_id],[customer_id]) VALUES(81,'2021-10-22 23:39:30','2021-06-11 20:10:51',1,1,1,1,1),(82,'2022-05-07 05:43:09','2021-02-02 14:30:13',1,1,1,1,1),(83,'2021-12-09 13:36:52','2021-07-25 23:43:32',1,1,1,1,1),(84,'2021-05-09 14:20:33','2021-10-14 20:59:00',1,1,1,1,1),(85,'2022-02-08 09:27:49','2021-09-02 00:43:58',1,1,1,1,1),(86,'2021-04-11 00:45:45','2022-01-19 02:24:23',1,1,1,1,1),(87,'2021-01-07 03:44:17','2021-04-09 20:52:12',1,1,1,1,1),(88,'2022-05-05 11:04:10','2022-01-28 05:13:42',1,1,1,1,1),(89,'2021-08-11 03:14:06','2021-06-10 03:49:53',1,1,1,1,1),(90,'2020-07-15 14:26:13','2021-11-14 05:21:30',1,1,1,1,1);
INSERT INTO shop.dbo.orders([ID],[order_data],[completion_date],[payment_type_id],[delivery_type_id],[status_id],[employee_id],[customer_id]) VALUES(91,'2020-06-01 00:13:29','2021-12-07 09:40:18',1,1,1,1,1),(92,'2022-04-09 23:15:49','2020-07-27 01:39:14',1,1,1,1,1),(93,'2021-10-22 17:05:58','2021-12-20 15:40:08',1,1,1,1,1),(94,'2022-01-30 20:02:23','2022-04-18 15:26:44',1,1,1,1,1),(95,'2021-02-02 23:55:35','2021-06-23 01:37:19',1,1,1,1,1),(96,'2021-03-29 04:40:44','2020-07-16 11:57:16',1,1,1,1,1),(97,'2020-08-21 09:47:51','2022-02-15 21:47:34',1,1,1,1,1),(98,'2021-12-12 07:29:26','2021-02-26 20:53:23',1,1,1,1,1),(99,'2021-10-20 06:14:01','2021-10-23 22:51:55',1,1,1,1,1),(100,'2021-06-25 19:31:25','2020-12-26 08:10:03',1,1,1,1,1);

INSERT INTO shop.dbo.order_details([ID],[order_id],[quantity],[price],[product_id]) VALUES(1,8,6,42,66),(2,4,55,63,23),(3,59,52,88,3),(4,60,33,11,98),(5,47,98,79,26),(6,91,83,17,98),(7,36,14,80,27),(8,27,45,18,87),(9,35,18,74,10),(10,56,29,57,9);
INSERT INTO shop.dbo.order_details([ID],[order_id],[quantity],[price],[product_id]) VALUES(11,93,62,53,46),(12,88,59,70,79),(13,87,80,26,48),(14,85,35,88,28),(15,7,72,96,62),(16,9,9,54,32),(17,54,77,43,18),(18,37,27,39,36),(19,3,36,68,29),(20,11,8,91,10);
INSERT INTO shop.dbo.order_details([ID],[order_id],[quantity],[price],[product_id]) VALUES(21,55,65,96,89),(22,74,86,66,89),(23,60,56,9,66),(24,20,44,79,99),(25,6,60,66,95),(26,76,79,57,14),(27,100,90,7,30),(28,51,26,48,79),(29,3,92,43,20),(30,13,58,60,89);
INSERT INTO shop.dbo.order_details([ID],[order_id],[quantity],[price],[product_id]) VALUES(31,30,30,86,12),(32,95,43,51,73),(33,58,65,43,69),(34,4,14,18,72),(35,61,79,39,22),(36,1,12,76,91),(37,87,94,5,20),(38,85,21,46,93),(39,55,25,78,14),(40,49,47,61,83);
INSERT INTO shop.dbo.order_details([ID],[order_id],[quantity],[price],[product_id]) VALUES(41,12,20,13,46),(42,15,49,14,80),(43,47,89,98,67),(44,22,4,20,58),(45,3,38,55,71),(46,21,2,19,11),(47,58,68,53,39),(48,54,77,84,44),(49,79,21,55,72),(50,32,60,71,77);
INSERT INTO shop.dbo.order_details([ID],[order_id],[quantity],[price],[product_id]) VALUES(51,88,96,94,21),(52,1,19,87,78),(53,25,80,41,39),(54,33,15,61,97),(55,80,51,82,65),(56,17,47,83,21),(57,32,13,51,94),(58,30,46,91,22),(59,65,47,21,44),(60,17,80,35,69);
INSERT INTO shop.dbo.order_details([ID],[order_id],[quantity],[price],[product_id]) VALUES(61,74,28,5,27),(62,40,48,32,71),(63,23,66,51,71),(64,87,97,89,57),(65,29,43,17,52),(66,65,75,100,49),(67,3,52,40,16),(68,17,80,43,11),(69,65,96,29,10),(70,5,73,28,45);
INSERT INTO shop.dbo.order_details([ID],[order_id],[quantity],[price],[product_id]) VALUES(71,39,77,63,79),(72,61,30,86,8),(73,85,80,61,39),(74,35,54,8,70),(75,16,73,51,28),(76,71,8,69,66),(77,1,23,34,51),(78,54,8,57,82),(79,73,49,55,48),(80,63,27,44,29);
INSERT INTO shop.dbo.order_details([ID],[order_id],[quantity],[price],[product_id]) VALUES(81,45,42,20,1),(82,45,92,54,31),(83,97,43,55,62),(84,71,100,26,82),(85,93,21,38,20),(86,58,4,3,92),(87,97,73,12,27),(88,3,13,22,40),(89,34,50,77,70),(90,61,85,53,54);
INSERT INTO shop.dbo.order_details([ID],[order_id],[quantity],[price],[product_id]) VALUES(91,24,88,86,87),(92,28,31,4,70),(93,48,52,50,81),(94,36,21,48,4),(95,8,3,39,35),(96,94,95,29,63),(97,2,68,37,38),(98,83,22,85,16),(99,19,21,44,11),(100,72,93,47,55);

